{
  "ContactUs-722" : {
    "transaction" : "ContactUs-722",
    "sampleCount" : 1,
    "errorCount" : 0,
    "errorPct" : 0.0,
    "meanResTime" : 1065.0,
    "medianResTime" : 1065.0,
    "minResTime" : 1065.0,
    "maxResTime" : 1065.0,
    "pct1ResTime" : 1065.0,
    "pct2ResTime" : 1065.0,
    "pct3ResTime" : 1065.0,
    "throughput" : 0.9389671361502347,
    "receivedKBytesPerSec" : 3.05256015258216,
    "sentKBytesPerSec" : 0.4969923708920188
  },
  "ContactUs-723" : {
    "transaction" : "ContactUs-723",
    "sampleCount" : 1,
    "errorCount" : 0,
    "errorPct" : 0.0,
    "meanResTime" : 43.0,
    "medianResTime" : 43.0,
    "minResTime" : 43.0,
    "maxResTime" : 43.0,
    "pct1ResTime" : 43.0,
    "pct2ResTime" : 43.0,
    "pct3ResTime" : 43.0,
    "throughput" : 23.25581395348837,
    "receivedKBytesPerSec" : 63.20403343023256,
    "sentKBytesPerSec" : 8.380268895348838
  },
  "AddNewCourse-1,199" : {
    "transaction" : "AddNewCourse-1,199",
    "sampleCount" : 1,
    "errorCount" : 0,
    "errorPct" : 0.0,
    "meanResTime" : 1643.0,
    "medianResTime" : 1643.0,
    "minResTime" : 1643.0,
    "maxResTime" : 1643.0,
    "pct1ResTime" : 1643.0,
    "pct2ResTime" : 1643.0,
    "pct3ResTime" : 1643.0,
    "throughput" : 0.6086427267194157,
    "receivedKBytesPerSec" : 17.010494332014606,
    "sentKBytesPerSec" : 0.19376711807668898
  },
  "AdminLogin-768" : {
    "transaction" : "AdminLogin-768",
    "sampleCount" : 1,
    "errorCount" : 0,
    "errorPct" : 0.0,
    "meanResTime" : 626.0,
    "medianResTime" : 626.0,
    "minResTime" : 626.0,
    "maxResTime" : 626.0,
    "pct1ResTime" : 626.0,
    "pct2ResTime" : 626.0,
    "pct3ResTime" : 626.0,
    "throughput" : 1.5974440894568689,
    "receivedKBytesPerSec" : 4.341491114217252,
    "sentKBytesPerSec" : 0.5569214257188498
  },
  "AddPatron-1,281" : {
    "transaction" : "AddPatron-1,281",
    "sampleCount" : 1,
    "errorCount" : 0,
    "errorPct" : 0.0,
    "meanResTime" : 132.0,
    "medianResTime" : 132.0,
    "minResTime" : 132.0,
    "maxResTime" : 132.0,
    "pct1ResTime" : 132.0,
    "pct2ResTime" : 132.0,
    "pct3ResTime" : 132.0,
    "throughput" : 7.575757575757576,
    "receivedKBytesPerSec" : 14.6484375,
    "sentKBytesPerSec" : 2.4192116477272725
  },
  "AdminLogout-1,460" : {
    "transaction" : "AdminLogout-1,460",
    "sampleCount" : 1,
    "errorCount" : 0,
    "errorPct" : 0.0,
    "meanResTime" : 207.0,
    "medianResTime" : 207.0,
    "minResTime" : 207.0,
    "maxResTime" : 207.0,
    "pct1ResTime" : 207.0,
    "pct2ResTime" : 207.0,
    "pct3ResTime" : 207.0,
    "throughput" : 4.830917874396135,
    "receivedKBytesPerSec" : 41.94972826086957,
    "sentKBytesPerSec" : 1.8351826690821258
  },
  "DownloadCorporateMembership-1,221" : {
    "transaction" : "DownloadCorporateMembership-1,221",
    "sampleCount" : 1,
    "errorCount" : 0,
    "errorPct" : 0.0,
    "meanResTime" : 3923.0,
    "medianResTime" : 3923.0,
    "minResTime" : 3923.0,
    "maxResTime" : 3923.0,
    "pct1ResTime" : 3923.0,
    "pct2ResTime" : 3923.0,
    "pct3ResTime" : 3923.0,
    "throughput" : 0.2549069589599796,
    "receivedKBytesPerSec" : 51.70105587241907,
    "sentKBytesPerSec" : 0.08637960425694621
  },
  "AddIndustrialPartners-1,254" : {
    "transaction" : "AddIndustrialPartners-1,254",
    "sampleCount" : 1,
    "errorCount" : 0,
    "errorPct" : 0.0,
    "meanResTime" : 108.0,
    "medianResTime" : 108.0,
    "minResTime" : 108.0,
    "maxResTime" : 108.0,
    "pct1ResTime" : 108.0,
    "pct2ResTime" : 108.0,
    "pct3ResTime" : 108.0,
    "throughput" : 9.25925925925926,
    "receivedKBytesPerSec" : 225.4683883101852,
    "sentKBytesPerSec" : 3.0924479166666665
  },
  "AddIndustrialPartners-1,255" : {
    "transaction" : "AddIndustrialPartners-1,255",
    "sampleCount" : 1,
    "errorCount" : 1,
    "errorPct" : 100.0,
    "meanResTime" : 4.0,
    "medianResTime" : 4.0,
    "minResTime" : 4.0,
    "maxResTime" : 4.0,
    "pct1ResTime" : 4.0,
    "pct2ResTime" : 4.0,
    "pct3ResTime" : 4.0,
    "throughput" : 250.0,
    "receivedKBytesPerSec" : 631.8359375,
    "sentKBytesPerSec" : 0.0
  },
  "AddIndustrialPartners-1,252" : {
    "transaction" : "AddIndustrialPartners-1,252",
    "sampleCount" : 1,
    "errorCount" : 0,
    "errorPct" : 0.0,
    "meanResTime" : 111.0,
    "medianResTime" : 111.0,
    "minResTime" : 111.0,
    "maxResTime" : 111.0,
    "pct1ResTime" : 111.0,
    "pct2ResTime" : 111.0,
    "pct3ResTime" : 111.0,
    "throughput" : 9.00900900900901,
    "receivedKBytesPerSec" : 19.663217905405403,
    "sentKBytesPerSec" : 2.912091779279279
  },
  "AddIndustrialPartners-1,253" : {
    "transaction" : "AddIndustrialPartners-1,253",
    "sampleCount" : 1,
    "errorCount" : 0,
    "errorPct" : 0.0,
    "meanResTime" : 322.0,
    "medianResTime" : 322.0,
    "minResTime" : 322.0,
    "maxResTime" : 322.0,
    "pct1ResTime" : 322.0,
    "pct2ResTime" : 322.0,
    "pct3ResTime" : 322.0,
    "throughput" : 3.105590062111801,
    "receivedKBytesPerSec" : 31.122622282608695,
    "sentKBytesPerSec" : 1.040251358695652
  },
  "AdminLogout-1,459" : {
    "transaction" : "AdminLogout-1,459",
    "sampleCount" : 1,
    "errorCount" : 0,
    "errorPct" : 0.0,
    "meanResTime" : 76.0,
    "medianResTime" : 76.0,
    "minResTime" : 76.0,
    "maxResTime" : 76.0,
    "pct1ResTime" : 76.0,
    "pct2ResTime" : 76.0,
    "pct3ResTime" : 76.0,
    "throughput" : 13.157894736842104,
    "receivedKBytesPerSec" : 114.2578125,
    "sentKBytesPerSec" : 5.101254111842105
  },
  "AdminLogout-1,458" : {
    "transaction" : "AdminLogout-1,458",
    "sampleCount" : 1,
    "errorCount" : 0,
    "errorPct" : 0.0,
    "meanResTime" : 675.0,
    "medianResTime" : 675.0,
    "minResTime" : 675.0,
    "maxResTime" : 675.0,
    "pct1ResTime" : 675.0,
    "pct2ResTime" : 675.0,
    "pct3ResTime" : 675.0,
    "throughput" : 1.4814814814814814,
    "receivedKBytesPerSec" : 21.75925925925926,
    "sentKBytesPerSec" : 0.4774305555555555
  },
  "AdminLogout-1,453" : {
    "transaction" : "AdminLogout-1,453",
    "sampleCount" : 1,
    "errorCount" : 0,
    "errorPct" : 0.0,
    "meanResTime" : 4231.0,
    "medianResTime" : 4231.0,
    "minResTime" : 4231.0,
    "maxResTime" : 4231.0,
    "pct1ResTime" : 4231.0,
    "pct2ResTime" : 4231.0,
    "pct3ResTime" : 4231.0,
    "throughput" : 0.2363507445048452,
    "receivedKBytesPerSec" : 6.605587848617349,
    "sentKBytesPerSec" : 0.07385960765776413
  },
  "AdminLogout-1,455" : {
    "transaction" : "AdminLogout-1,455",
    "sampleCount" : 1,
    "errorCount" : 0,
    "errorPct" : 0.0,
    "meanResTime" : 398.0,
    "medianResTime" : 398.0,
    "minResTime" : 398.0,
    "maxResTime" : 398.0,
    "pct1ResTime" : 398.0,
    "pct2ResTime" : 398.0,
    "pct3ResTime" : 398.0,
    "throughput" : 2.512562814070352,
    "receivedKBytesPerSec" : 70.22171403894473,
    "sentKBytesPerSec" : 0.7851758793969849
  },
  "AdminLogout-1,454" : {
    "transaction" : "AdminLogout-1,454",
    "sampleCount" : 1,
    "errorCount" : 0,
    "errorPct" : 0.0,
    "meanResTime" : 526.0,
    "medianResTime" : 526.0,
    "minResTime" : 526.0,
    "maxResTime" : 526.0,
    "pct1ResTime" : 526.0,
    "pct2ResTime" : 526.0,
    "pct3ResTime" : 526.0,
    "throughput" : 1.9011406844106464,
    "receivedKBytesPerSec" : 71.90359137357414,
    "sentKBytesPerSec" : 0.594106463878327
  },
  "AdminLogout-1,457" : {
    "transaction" : "AdminLogout-1,457",
    "sampleCount" : 1,
    "errorCount" : 0,
    "errorPct" : 0.0,
    "meanResTime" : 439.0,
    "medianResTime" : 439.0,
    "minResTime" : 439.0,
    "maxResTime" : 439.0,
    "pct1ResTime" : 439.0,
    "pct2ResTime" : 439.0,
    "pct3ResTime" : 439.0,
    "throughput" : 2.277904328018223,
    "receivedKBytesPerSec" : 33.456719817767656,
    "sentKBytesPerSec" : 0.7340902619589977
  },
  "AdminLogout-1,456" : {
    "transaction" : "AdminLogout-1,456",
    "sampleCount" : 1,
    "errorCount" : 0,
    "errorPct" : 0.0,
    "meanResTime" : 626.0,
    "medianResTime" : 626.0,
    "minResTime" : 626.0,
    "maxResTime" : 626.0,
    "pct1ResTime" : 626.0,
    "pct2ResTime" : 626.0,
    "pct3ResTime" : 626.0,
    "throughput" : 1.5974440894568689,
    "receivedKBytesPerSec" : 44.64575429313099,
    "sentKBytesPerSec" : 0.4992012779552716
  },
  "AdminLogin-754" : {
    "transaction" : "AdminLogin-754",
    "sampleCount" : 1,
    "errorCount" : 0,
    "errorPct" : 0.0,
    "meanResTime" : 392.0,
    "medianResTime" : 392.0,
    "minResTime" : 392.0,
    "maxResTime" : 392.0,
    "pct1ResTime" : 392.0,
    "pct2ResTime" : 392.0,
    "pct3ResTime" : 392.0,
    "throughput" : 2.5510204081632653,
    "receivedKBytesPerSec" : 1.377650669642857,
    "sentKBytesPerSec" : 1.1310188137755102
  },
  "DownloadAcademicMembership-1,219" : {
    "transaction" : "DownloadAcademicMembership-1,219",
    "sampleCount" : 1,
    "errorCount" : 0,
    "errorPct" : 0.0,
    "meanResTime" : 121.0,
    "medianResTime" : 121.0,
    "minResTime" : 121.0,
    "maxResTime" : 121.0,
    "pct1ResTime" : 121.0,
    "pct2ResTime" : 121.0,
    "pct3ResTime" : 121.0,
    "throughput" : 8.264462809917356,
    "receivedKBytesPerSec" : 4.89895402892562,
    "sentKBytesPerSec" : 2.655281508264463
  },
  "AddAdminUsers-1,336" : {
    "transaction" : "AddAdminUsers-1,336",
    "sampleCount" : 1,
    "errorCount" : 0,
    "errorPct" : 0.0,
    "meanResTime" : 735.0,
    "medianResTime" : 735.0,
    "minResTime" : 735.0,
    "maxResTime" : 735.0,
    "pct1ResTime" : 735.0,
    "pct2ResTime" : 735.0,
    "pct3ResTime" : 735.0,
    "throughput" : 1.3605442176870748,
    "receivedKBytesPerSec" : 38.56292517006803,
    "sentKBytesPerSec" : 0.45041454081632654
  },
  "DownloadUserRegistration-1,217" : {
    "transaction" : "DownloadUserRegistration-1,217",
    "sampleCount" : 1,
    "errorCount" : 0,
    "errorPct" : 0.0,
    "meanResTime" : 1479.0,
    "medianResTime" : 1479.0,
    "minResTime" : 1479.0,
    "maxResTime" : 1479.0,
    "pct1ResTime" : 1479.0,
    "pct2ResTime" : 1479.0,
    "pct3ResTime" : 1479.0,
    "throughput" : 0.676132521974307,
    "receivedKBytesPerSec" : 92.02929555442866,
    "sentKBytesPerSec" : 0.2377028397565923
  },
  "AddPatron-1,293" : {
    "transaction" : "AddPatron-1,293",
    "sampleCount" : 1,
    "errorCount" : 0,
    "errorPct" : 0.0,
    "meanResTime" : 399.0,
    "medianResTime" : 399.0,
    "minResTime" : 399.0,
    "maxResTime" : 399.0,
    "pct1ResTime" : 399.0,
    "pct2ResTime" : 399.0,
    "pct3ResTime" : 399.0,
    "throughput" : 2.506265664160401,
    "receivedKBytesPerSec" : 32.047893170426065,
    "sentKBytesPerSec" : 0.8321585213032581
  },
  "AddKnowledgePartners-1,280" : {
    "transaction" : "AddKnowledgePartners-1,280",
    "sampleCount" : 1,
    "errorCount" : 1,
    "errorPct" : 100.0,
    "meanResTime" : 6.0,
    "medianResTime" : 6.0,
    "minResTime" : 6.0,
    "maxResTime" : 6.0,
    "pct1ResTime" : 6.0,
    "pct2ResTime" : 6.0,
    "pct3ResTime" : 6.0,
    "throughput" : 166.66666666666666,
    "receivedKBytesPerSec" : 421.2239583333333,
    "sentKBytesPerSec" : 0.0
  },
  "ApplyCourses-455" : {
    "transaction" : "ApplyCourses-455",
    "sampleCount" : 1,
    "errorCount" : 0,
    "errorPct" : 0.0,
    "meanResTime" : 522.0,
    "medianResTime" : 522.0,
    "minResTime" : 522.0,
    "maxResTime" : 522.0,
    "pct1ResTime" : 522.0,
    "pct2ResTime" : 522.0,
    "pct3ResTime" : 522.0,
    "throughput" : 1.9157088122605364,
    "receivedKBytesPerSec" : 5.20646252394636,
    "sentKBytesPerSec" : 0.7445821360153256
  },
  "AddAdminUsers-1,335" : {
    "transaction" : "AddAdminUsers-1,335",
    "sampleCount" : 1,
    "errorCount" : 0,
    "errorPct" : 0.0,
    "meanResTime" : 200.0,
    "medianResTime" : 200.0,
    "minResTime" : 200.0,
    "maxResTime" : 200.0,
    "pct1ResTime" : 200.0,
    "pct2ResTime" : 200.0,
    "pct3ResTime" : 200.0,
    "throughput" : 5.0,
    "receivedKBytesPerSec" : 1.3525390625,
    "sentKBytesPerSec" : 2.9345703125
  },
  "AddAdminUsers-1,334" : {
    "transaction" : "AddAdminUsers-1,334",
    "sampleCount" : 1,
    "errorCount" : 0,
    "errorPct" : 0.0,
    "meanResTime" : 438.0,
    "medianResTime" : 438.0,
    "minResTime" : 438.0,
    "maxResTime" : 438.0,
    "pct1ResTime" : 438.0,
    "pct2ResTime" : 438.0,
    "pct3ResTime" : 438.0,
    "throughput" : 2.28310502283105,
    "receivedKBytesPerSec" : 64.13875214041096,
    "sentKBytesPerSec" : 0.7558326198630136
  },
  "AddPatron-1,299" : {
    "transaction" : "AddPatron-1,299",
    "sampleCount" : 1,
    "errorCount" : 1,
    "errorPct" : 100.0,
    "meanResTime" : 3.0,
    "medianResTime" : 3.0,
    "minResTime" : 3.0,
    "maxResTime" : 3.0,
    "pct1ResTime" : 3.0,
    "pct2ResTime" : 3.0,
    "pct3ResTime" : 3.0,
    "throughput" : 333.3333333333333,
    "receivedKBytesPerSec" : 842.4479166666666,
    "sentKBytesPerSec" : 0.0
  },
  "DownloadPartnershipApplication-1,223" : {
    "transaction" : "DownloadPartnershipApplication-1,223",
    "sampleCount" : 1,
    "errorCount" : 0,
    "errorPct" : 0.0,
    "meanResTime" : 907.0,
    "medianResTime" : 907.0,
    "minResTime" : 907.0,
    "maxResTime" : 907.0,
    "pct1ResTime" : 907.0,
    "pct2ResTime" : 907.0,
    "pct3ResTime" : 907.0,
    "throughput" : 1.1025358324145536,
    "receivedKBytesPerSec" : 137.79329175854465,
    "sentKBytesPerSec" : 0.3811500826901874
  },
  "AdminLogout-1,442" : {
    "transaction" : "AdminLogout-1,442",
    "sampleCount" : 1,
    "errorCount" : 0,
    "errorPct" : 0.0,
    "meanResTime" : 78.0,
    "medianResTime" : 78.0,
    "minResTime" : 78.0,
    "maxResTime" : 78.0,
    "pct1ResTime" : 78.0,
    "pct2ResTime" : 78.0,
    "pct3ResTime" : 78.0,
    "throughput" : 12.82051282051282,
    "receivedKBytesPerSec" : 17.70332532051282,
    "sentKBytesPerSec" : 4.26933092948718
  },
  "ApplyCourses-1,110" : {
    "transaction" : "ApplyCourses-1,110",
    "sampleCount" : 1,
    "errorCount" : 0,
    "errorPct" : 0.0,
    "meanResTime" : 181.0,
    "medianResTime" : 181.0,
    "minResTime" : 181.0,
    "maxResTime" : 181.0,
    "pct1ResTime" : 181.0,
    "pct2ResTime" : 181.0,
    "pct3ResTime" : 181.0,
    "throughput" : 5.524861878453039,
    "receivedKBytesPerSec" : 13.153919198895029,
    "sentKBytesPerSec" : 2.141963052486188
  },
  "AddNewCourse-1,210" : {
    "transaction" : "AddNewCourse-1,210",
    "sampleCount" : 1,
    "errorCount" : 1,
    "errorPct" : 100.0,
    "meanResTime" : 7.0,
    "medianResTime" : 7.0,
    "minResTime" : 7.0,
    "maxResTime" : 7.0,
    "pct1ResTime" : 7.0,
    "pct2ResTime" : 7.0,
    "pct3ResTime" : 7.0,
    "throughput" : 142.85714285714286,
    "receivedKBytesPerSec" : 363.0022321428571,
    "sentKBytesPerSec" : 0.0
  },
  "Launch-308" : {
    "transaction" : "Launch-308",
    "sampleCount" : 1,
    "errorCount" : 0,
    "errorPct" : 0.0,
    "meanResTime" : 342.0,
    "medianResTime" : 342.0,
    "minResTime" : 342.0,
    "maxResTime" : 342.0,
    "pct1ResTime" : 342.0,
    "pct2ResTime" : 342.0,
    "pct3ResTime" : 342.0,
    "throughput" : 2.923976608187134,
    "receivedKBytesPerSec" : 7.855331688596491,
    "sentKBytesPerSec" : 0.9936951754385964
  },
  "AddEvents-1,305" : {
    "transaction" : "AddEvents-1,305",
    "sampleCount" : 1,
    "errorCount" : 0,
    "errorPct" : 0.0,
    "meanResTime" : 247.0,
    "medianResTime" : 247.0,
    "minResTime" : 247.0,
    "maxResTime" : 247.0,
    "pct1ResTime" : 247.0,
    "pct2ResTime" : 247.0,
    "pct3ResTime" : 247.0,
    "throughput" : 4.048582995951417,
    "receivedKBytesPerSec" : 153.12262778340082,
    "sentKBytesPerSec" : 1.284950657894737
  },
  "AddEvents-1,303" : {
    "transaction" : "AddEvents-1,303",
    "sampleCount" : 1,
    "errorCount" : 0,
    "errorPct" : 0.0,
    "meanResTime" : 481.0,
    "medianResTime" : 481.0,
    "minResTime" : 481.0,
    "maxResTime" : 481.0,
    "pct1ResTime" : 481.0,
    "pct2ResTime" : 481.0,
    "pct3ResTime" : 481.0,
    "throughput" : 2.079002079002079,
    "receivedKBytesPerSec" : 77.80015592515593,
    "sentKBytesPerSec" : 0.6598395270270271
  },
  "AddEvents-1,304" : {
    "transaction" : "AddEvents-1,304",
    "sampleCount" : 1,
    "errorCount" : 0,
    "errorPct" : 0.0,
    "meanResTime" : 332.0,
    "medianResTime" : 332.0,
    "minResTime" : 332.0,
    "maxResTime" : 332.0,
    "pct1ResTime" : 332.0,
    "pct2ResTime" : 332.0,
    "pct3ResTime" : 332.0,
    "throughput" : 3.0120481927710845,
    "receivedKBytesPerSec" : 0.8147825677710843,
    "sentKBytesPerSec" : 2.3737528237951806
  },
  "AddKnowledgePartners-1,258" : {
    "transaction" : "AddKnowledgePartners-1,258",
    "sampleCount" : 1,
    "errorCount" : 0,
    "errorPct" : 0.0,
    "meanResTime" : 120.0,
    "medianResTime" : 120.0,
    "minResTime" : 120.0,
    "maxResTime" : 120.0,
    "pct1ResTime" : 120.0,
    "pct2ResTime" : 120.0,
    "pct3ResTime" : 120.0,
    "throughput" : 8.333333333333334,
    "receivedKBytesPerSec" : 17.496744791666668,
    "sentKBytesPerSec" : 2.6936848958333335
  },
  "ICSETEventApply-678" : {
    "transaction" : "ICSETEventApply-678",
    "sampleCount" : 1,
    "errorCount" : 0,
    "errorPct" : 0.0,
    "meanResTime" : 1126.0,
    "medianResTime" : 1126.0,
    "minResTime" : 1126.0,
    "maxResTime" : 1126.0,
    "pct1ResTime" : 1126.0,
    "pct2ResTime" : 1126.0,
    "pct3ResTime" : 1126.0,
    "throughput" : 0.8880994671403197,
    "receivedKBytesPerSec" : 0.38073795515097697,
    "sentKBytesPerSec" : 0.5134325044404974
  },
  "AdminLogout-1,475" : {
    "transaction" : "AdminLogout-1,475",
    "sampleCount" : 1,
    "errorCount" : 0,
    "errorPct" : 0.0,
    "meanResTime" : 3285.0,
    "medianResTime" : 3285.0,
    "minResTime" : 3285.0,
    "maxResTime" : 3285.0,
    "pct1ResTime" : 3285.0,
    "pct2ResTime" : 3285.0,
    "pct3ResTime" : 3285.0,
    "throughput" : 0.30441400304414007,
    "receivedKBytesPerSec" : 33.535185977929984,
    "sentKBytesPerSec" : 0.09929128614916286
  },
  "ICSETEventApply-679" : {
    "transaction" : "ICSETEventApply-679",
    "sampleCount" : 1,
    "errorCount" : 0,
    "errorPct" : 0.0,
    "meanResTime" : 40.0,
    "medianResTime" : 40.0,
    "minResTime" : 40.0,
    "maxResTime" : 40.0,
    "pct1ResTime" : 40.0,
    "pct2ResTime" : 40.0,
    "pct3ResTime" : 40.0,
    "throughput" : 25.0,
    "receivedKBytesPerSec" : 67.9443359375,
    "sentKBytesPerSec" : 9.521484375
  },
  "RegisterCorporateMembership-585" : {
    "transaction" : "RegisterCorporateMembership-585",
    "sampleCount" : 10,
    "errorCount" : 0,
    "errorPct" : 0.0,
    "meanResTime" : 858.4000000000001,
    "medianResTime" : 290.5,
    "minResTime" : 75.0,
    "maxResTime" : 5116.0,
    "pct1ResTime" : 4713.300000000001,
    "pct2ResTime" : 5116.0,
    "pct3ResTime" : 5116.0,
    "throughput" : 1.7238407171177383,
    "receivedKBytesPerSec" : 0.46799581968626097,
    "sentKBytesPerSec" : 0.8817849293225306
  },
  "AddStaffs-1,306" : {
    "transaction" : "AddStaffs-1,306",
    "sampleCount" : 1,
    "errorCount" : 0,
    "errorPct" : 0.0,
    "meanResTime" : 445.0,
    "medianResTime" : 445.0,
    "minResTime" : 445.0,
    "maxResTime" : 445.0,
    "pct1ResTime" : 445.0,
    "pct2ResTime" : 445.0,
    "pct3ResTime" : 445.0,
    "throughput" : 2.247191011235955,
    "receivedKBytesPerSec" : 26.042398174157302,
    "sentKBytesPerSec" : 0.7110252808988764
  },
  "AddNewTestimony-1,215" : {
    "transaction" : "AddNewTestimony-1,215",
    "sampleCount" : 1,
    "errorCount" : 1,
    "errorPct" : 100.0,
    "meanResTime" : 6.0,
    "medianResTime" : 6.0,
    "minResTime" : 6.0,
    "maxResTime" : 6.0,
    "pct1ResTime" : 6.0,
    "pct2ResTime" : 6.0,
    "pct3ResTime" : 6.0,
    "throughput" : 166.66666666666666,
    "receivedKBytesPerSec" : 423.5026041666667,
    "sentKBytesPerSec" : 0.0
  },
  "AddNewTestimony-1,214" : {
    "transaction" : "AddNewTestimony-1,214",
    "sampleCount" : 1,
    "errorCount" : 0,
    "errorPct" : 0.0,
    "meanResTime" : 190.0,
    "medianResTime" : 190.0,
    "minResTime" : 190.0,
    "maxResTime" : 190.0,
    "pct1ResTime" : 190.0,
    "pct2ResTime" : 190.0,
    "pct3ResTime" : 190.0,
    "throughput" : 5.263157894736842,
    "receivedKBytesPerSec" : 77.30263157894737,
    "sentKBytesPerSec" : 1.7321134868421053
  },
  "Total" : {
    "transaction" : "Total",
    "sampleCount" : 57,
    "errorCount" : 5,
    "errorPct" : 8.77193,
    "meanResTime" : 3496.4561403508774,
    "medianResTime" : 332.0,
    "minResTime" : 3.0,
    "maxResTime" : 155179.0,
    "pct1ResTime" : 3412.6000000000017,
    "pct2ResTime" : 5412.899999999983,
    "pct3ResTime" : 155179.0,
    "throughput" : 0.3164873238498184,
    "receivedKBytesPerSec" : 29.28000630371956,
    "sentKBytesPerSec" : 0.11636201291490378
  },
  "AdminLogout-1,462" : {
    "transaction" : "AdminLogout-1,462",
    "sampleCount" : 1,
    "errorCount" : 0,
    "errorPct" : 0.0,
    "meanResTime" : 8085.0,
    "medianResTime" : 8085.0,
    "minResTime" : 8085.0,
    "maxResTime" : 8085.0,
    "pct1ResTime" : 8085.0,
    "pct2ResTime" : 8085.0,
    "pct3ResTime" : 8085.0,
    "throughput" : 0.12368583797155226,
    "receivedKBytesPerSec" : 38.50905418985776,
    "sentKBytesPerSec" : 0.0401012677798392
  },
  "AdminLogout-1,461" : {
    "transaction" : "AdminLogout-1,461",
    "sampleCount" : 1,
    "errorCount" : 0,
    "errorPct" : 0.0,
    "meanResTime" : 155179.0,
    "medianResTime" : 155179.0,
    "minResTime" : 155179.0,
    "maxResTime" : 155179.0,
    "pct1ResTime" : 155179.0,
    "pct2ResTime" : 155179.0,
    "pct3ResTime" : 155179.0,
    "throughput" : 0.006444170925189619,
    "receivedKBytesPerSec" : 25.385124799425178,
    "sentKBytesPerSec" : 0.0025424268103287173
  },
  "RegisterPartnership-632" : {
    "transaction" : "RegisterPartnership-632",
    "sampleCount" : 1,
    "errorCount" : 0,
    "errorPct" : 0.0,
    "meanResTime" : 60.0,
    "medianResTime" : 60.0,
    "minResTime" : 60.0,
    "maxResTime" : 60.0,
    "pct1ResTime" : 60.0,
    "pct2ResTime" : 60.0,
    "pct3ResTime" : 60.0,
    "throughput" : 16.666666666666668,
    "receivedKBytesPerSec" : 45.296223958333336,
    "sentKBytesPerSec" : 6.103515625
  },
  "RegisterPartnership-631" : {
    "transaction" : "RegisterPartnership-631",
    "sampleCount" : 1,
    "errorCount" : 0,
    "errorPct" : 0.0,
    "meanResTime" : 153.0,
    "medianResTime" : 153.0,
    "minResTime" : 153.0,
    "maxResTime" : 153.0,
    "pct1ResTime" : 153.0,
    "pct2ResTime" : 153.0,
    "pct3ResTime" : 153.0,
    "throughput" : 6.5359477124183005,
    "receivedKBytesPerSec" : 1.7680249183006536,
    "sentKBytesPerSec" : 4.697712418300654
  }
}